id,act,tier,start_tc,end_tc,duration_s,speech_ratio,text,reason
K001,0,MUST,00:46:31:06,00:47:02:11,31.24,0.56,"I hope you have insurance. And please don't sue us. There's always, always. Don't sue us. Don't sue us. The thing is, I'm heavier than you. Yeah, but she's national champ. Oh. Nice job. There you go.…","Cold open: 'I hope you have insurance. And please don't sue us' then a judo throw at a golf tournament - a surprise that raises the question the video answers. Used here only, not repeated in act 4."
X001,1,CUT,00:00:00:00,00:00:03:06,3.24,0.0,(no dialogue),Short connective crosstalk between kept beats - nothing said that the next beat does not carry.
K010,1,MUST,00:00:03:06,00:00:18:11,15.24,0.52,"What's up? It's Kumar. Kumar. Defender! We were late. Hey! Oh, we're late cause Kumar was hungry. We had to get some bamboo and feed him a bit.",Arrival beat and the premise in one line: they are late because Kumar the mascot 'was hungry' and had to be fed bamboo. Establishes the tone immediately.
X002,1,CUT,00:00:18:11,00:02:14:19,116.44,0.57,"What's up? Run! How are you doing? Good to see you. And let me. Yeah. No, no. Did you have the table and everything and everything set up for you guys? Awesome. It's close, but I don't know where it…","Arrival logistics with course staff - where to park, which cart, how to reach hole 12. All of it is visible on screen or re-explained in the speech."
K011,1,OPTIONAL,00:02:14:19,00:02:25:18,10.96,0.78,"Yeah. And then we'll go there at one. I don't speak golf either. Where'd you get this? Which one? This. Oh, Elizabeth. I was getting confused between car and cart.","'I don't speak golf either' / 'I was getting confused between car and cart' - light personality, but the surrounding logistics are already visible on screen."
X003,1,CUT,00:02:25:18,00:02:28:03,2.4,0.82,"Yeah. Okay, you guys are gonna get out there.",Short connective crosstalk between kept beats - nothing said that the next beat does not carry.
K012,1,SHOULD,00:02:28:03,00:02:35:19,7.68,0.91,"You gotta get ready for speech here. Yes! Go go go. Yes! We need Remy here. I don't know where the speech is. Do you have it? I have it, yeah, I have it. Perfect. I've been practicing.","Sets up the speech and the nerves: 'You gotta get ready for speech here' / 'I've been practicing. I'm not great, but.'"
G001,1,OPTIONAL,00:02:37:04,00:02:46:15,9.48,0.0,(no dialogue),"possible visual moment, needs human review"
X004,1,CUT,00:02:46:15,00:03:00:10,13.8,0.66,"Weird. Okay, okay. Otoshi otoshi. Number one. Okay, so we'll do the speech and then some. I mean, we're not going.",Dead air and crosstalk while the speech is being found. Nothing said.
K013,1,MUST,00:03:00:10,00:03:44:00,43.64,0.85,"Don't like doing this. Okay. All right. Can I get everyone's attention, please? From the premium golf tournament? Okay. So few information. Is everybody listening? All right. Sounds good. So thank yo…","The plan / the public start. 'Don't like doing this' then the opening of the speech - who he is, 'I'll be taking your worst shots', and that this is Premium's first ever golf event."
X005,1,CUT,00:03:44:00,00:03:46:19,2.8,0.28,Yeah yeah.,Short connective crosstalk between kept beats - nothing said that the next beat does not carry.
K014,1,SHOULD,00:03:46:19,00:04:22:04,35.4,0.94,So if you don't know us premium Group is a multi division subcontractor working across caulking fire stopping fireproofing and drywall. So for trades one team and honestly getting all our divisions o…,"New information the viewer needs: what Premium Group actually does, 'the biggest coordination win in our company's history', and that it is NOT a shotgun start - the problem that pays off at dinner."
X006,1,CUT,00:04:22:04,00:04:26:07,4.12,0.5,So anything else?,Short connective crosstalk between kept beats - nothing said that the next beat does not carry.
K015,1,SHOULD,00:04:26:07,00:04:40:23,14.68,0.93,"We're having a dinner at the end of it. Yes. Afterwards we're going to have dinner and we'll hang out. So, you know, stick around and we'll see who has who deserves bragging rights at the end of this…",Dinner and bragging rights are promised - sets the expectation for the final act. 'May the best team win.'
X007,1,CUT,00:04:40:23,00:04:48:09,7.44,0.47,Yes you're right. Sorry we had to adjust this morning.,Short connective crosstalk between kept beats - nothing said that the next beat does not carry.
K016,1,OPTIONAL,00:04:48:09,00:05:19:02,30.72,0.87,"So just a few quick reminders. So following every shot, of course. Take the best ball out of the four to keep a good pace. No more than two putts. And if your ball ends out of bounds, don't waste too…",Rules and contests. Useful information but logistics-heavy and partly re-explained at 18:05.
X008,1,CUT,00:05:19:02,00:05:34:03,15.04,0.41,And we sorry. I'm trying to find for the tens. Yeah sorry.,"Filler between kept beats: acknowledgements, half-sentences and logistics already visible on screen."
K017,1,MUST,00:05:34:03,00:05:57:04,23.08,0.84,We got we got premium tense at hole for hole eight and hole 16. We also have a otoshi judo club tent at hole 12. So come say hi to us to win a chance to win a few more raffle tickets. And at the end…,Plants the judo club tent at hole 12 and raffle tickets - the single line that sets up the whole centre of the video.
X009,1,CUT,00:05:57:04,00:06:19:04,22.03,0.31,"Yeah I got lost in there to cut a few, cut a few parts, but. All right. Yeah. First you're the very last one right there. Yeah okay okay. But. Breaks it.","Post-speech crosstalk, no story movement."
K018,1,OPTIONAL,00:06:19:04,00:06:31:12,12.36,0.41,Man. Cooma is pretty cocky. It's supposed to be modest. You're a judoka. He has a premium blood in him.,'Kumar is pretty cocky. It's supposed to be modest. You're a judoka.' - short mascot joke.
X010,1,CUT,00:06:31:12,00:06:38:04,6.64,0.38,I remember that. Yeah. Oh my boy.,Crosstalk between the mascot joke and the speech debrief.
K019,1,MUST,00:06:38:04,00:06:55:16,17.52,0.83,"I practiced that speech so much. And then, like, take this part. I'll do this. Say this instead of that. And I was like, fuck. I got lost. I was like, once I guys, I'm lost. You missed your jokes. Ye…","The honest debrief: 'I practiced that speech so much... I got lost' / 'Remi put some jokes in there and everybody's too stressed, let's just start.' Best emotional beat of the act."
X011,1,CUT,00:06:55:16,00:06:59:10,3.76,0.36,"You know? Yeah, yeah. Where are you?",Short connective crosstalk between kept beats - nothing said that the next beat does not carry.
K020,1,SHOULD,00:06:59:10,00:07:06:09,6.98,0.62,"So are we. Are they starting right now? We're like, eight minutes late. Did they already send someone? Here.",The thing going wrong: 'Are they starting right now? We're like eight minutes late.'
X012,1,CUT,00:07:06:09,00:07:55:13,49.2,0.58,"Like you? Okay. All right. We're gonna start interviewing you. Okay. Do I just turn it on? Hey, it's it's it's on this one. Yes. Okay. It's also turned out. All right, so we're with the toshi otoshi…","First take of the judo athlete interview - aborted on camera with 'Retake, retake'. Keeping the clean last take at 7:56."
K030,2,MUST,00:07:55:13,00:08:27:00,31.52,0.82,"So I'm with the judo Toshi athletes. What's your connection with the premium group? He sponsors our judo club, and he's also the founder of our judo club. Yeah. Denny. Awesome. Thank you. So they're…",Judo athletes interview - the clean last take (the earlier take is cut per rule). Explains the club/sponsor link AND re-plants hole 12. Ends on 'They're my athletes. They're very annoying.'
X013,2,CUT,00:08:27:00,00:08:34:00,7.0,0.65,There we go. You want to get to turn around for. We'll do some videos.,Short connective crosstalk between kept beats - nothing said that the next beat does not carry.
K031,2,OPTIONAL,00:08:34:00,00:08:40:06,6.24,0.83,"Yeah. Like I'll throw them. I'll throw them. I can, I can mention I'm the judo coach. I don't get thrown.","'I can mention I'm the judo coach. I don't get thrown.' - funny, but the same joke lands harder in act 4."
X014,2,CUT,00:08:40:06,00:09:30:19,50.59,0.66,"So, like, what's happening right now? Tell me, like, our dads are all best friends. Yeah, you could have said that. They're all kind of hang out. They hang out the trio. They do. They do really cool…",Pre-interview setup and negotiating the question order. Setup already explained.
K032,2,MUST,00:09:30:19,00:10:05:03,34.36,0.89,"All right. So then why the golf tournament today? Well, why the golf tournament? It started with there was a convention, the FCC, a something that we attend each year. But this year it's in Halifax.…","Why this event exists, from the founder: a small golf game for the FCC convention that 'escalated into a full blown out tournament'. The premise of the whole video."
K033,2,OPTIONAL,00:10:05:16,00:10:45:12,39.88,0.86,"There you go. And why is it important for you to connect with clients, suppliers and other companies around us? Well, when we saw like, everybody wanted to chip in and everybody wanted to participate…","Why connecting with clients and suppliers matters. Genuine but corporate, and said better in the dinner speech."
K034,2,OPTIONAL,00:10:46:17,00:10:59:07,12.6,0.82,"Who's gonna win today. Hopefully my team. I don't know. No, we're not going to win. There's pretty. There's some pretty good golfers here, so I don't know what was going to win. We're just gonna have…","'Who's gonna win today?' / 'No, we're not going to win.' - nice modesty beat, expendable."
X015,2,CUT,00:10:59:07,00:11:15:04,15.88,0.75,"There you go. Anything else? We're here. That's good, that's good. Well. Thank you. Best of luck today. Thank you. Thank you. Enjoy the day, you guys. Thank you. And thanks for hosting this event. It…","Filler between kept beats: acknowledgements, half-sentences and logistics already visible on screen."
K035,2,SHOULD,00:11:15:04,00:11:29:03,14.0,0.76,"Yeah, yeah, yeah. Our Moscow wants to fight you, by the way. Nothing against you. It's just mascot beef, I guess. Yeah, yeah. He like when you left. He pointed and he was like, yeah, you're a fighter.","'Our mascot wants to fight you... it's just mascot beef, I guess.' Plants the callback that pays off at 1:04:06."
K036,2,OPTIONAL,00:11:29:09,00:11:44:10,15.04,0.9,"Yeah, I'm the judo coach. Oh, yeah? Yeah. So then he founded a judo club as well as at the same time as you started the business. And yeah, I hired me a few years ago, and. And he was like, you shoul…",How Malcolm got hired - founded the judo club at the same time as the business. Repeated in the dinner speech.
X016,2,CUT,00:11:44:10,00:12:03:09,19.0,0.73,"Yeah, yeah. Rob Bridges to the social media. Yeah, I do follow him. Yeah, yeah. He's excellent. He's awesome. Yeah, that's a lot of stuff. Yeah. A few brands that he does. Yeah, yeah, I think so. A b…","Small talk about following each other on social media. Tangent, no connection to the premise."
K037,2,OPTIONAL,00:12:03:09,00:12:07:19,4.4,0.93,"I'm still new to it. Takes me out of my comfort zone, which I guess is good, right?","'Takes me out of my comfort zone, which I guess is good, right?' - small honest aside."
X017,2,CUT,00:12:07:19,00:12:19:07,11.5,0.56,"But, Yeah. Cool. You guys here all day? Not better than that man. Let me know what I'm going to say first. What do I have to say?","Filler between kept beats: acknowledgements, half-sentences and logistics already visible on screen."
K038,2,OPTIONAL,00:12:19:07,00:12:28:17,9.44,0.57,"George, what are you doing? What do we do? What I'm doing. I'm eating candy. Oh, yeah. All right.","'George, what are you doing?' / 'I'm eating candy.' - light."
X018,2,CUT,00:12:28:17,00:12:41:08,12.64,0.7,"You have your your script for. Yeah. Yeah, yeah. Okay. All right, so we're here with the Green Foot team. So what's your connection with the premium group?","Filler between kept beats: acknowledgements, half-sentences and logistics already visible on screen."
K039,2,MUST,00:12:41:08,00:12:51:12,10.18,0.85,"Are you recording right now? I think so. Oh, you just want to think about your answer. Well, I mean, how do I answer that? Because that's really new, right? Yeah. And I'm not sure if I should answer…",Best awkward laugh in the act: 'Are you recording right now?... I'm not sure if I should answer that on camera.'
X019,2,CUT,00:12:51:12,00:12:53:11,1.96,0.41,All right.,Short connective crosstalk between kept beats - nothing said that the next beat does not carry.
K040,2,OPTIONAL,00:12:53:11,00:13:21:04,27.72,0.93,"Okay. So we're with green foot. Can I ask, what does Green Foot do? Absolutely. So Green Foot's all over Atlantic Canada. We do residential, commercial and multi unit for HVAC, insulation, solar and…","Green Foot explains itself and the candy bar - 'everybody loves a good sugar rush halfway through the day'. Sponsor context, not story."
K041,2,OPTIONAL,00:13:22:06,00:13:46:05,23.96,0.76,"I'm the Yeti teddies. Yeah. These are these are really nice. We'll need to get our our own version of this. I like these. Yeah. I guess I'll keep it. I'll, I'll bring it at the. At the office. We'll…",Yeti teddies tangent - charming but goes nowhere.
X020,2,CUT,00:13:46:05,00:14:27:10,41.25,0.67,"Good. You're for sure more. I'm the social media guy. Okay. Yeah, I saw his profile. I think his profile. Yeah. Yeah, I think his profile. Yeah. He showed. Jeremiah told me about him. Yeah. Yeah. And…","LinkedIn tangent, then three repeated attempts at the 'Glen Arbor / Premium group' B-roll line. Keeping only the last take."
G002,2,OPTIONAL,00:14:27:10,00:14:38:06,10.84,0.0,(no dialogue),"possible visual moment, needs human review"
X021,2,CUT,00:14:38:06,00:14:47:06,9.0,0.45,"Golf club? Yeah. It's gonna be like, why are you talking? Premium group.","LinkedIn tangent, then three repeated attempts at the 'Glen Arbor / Premium group' B-roll line. Keeping only the last take."
G003,2,OPTIONAL,00:14:47:06,00:15:05:12,18.28,0.0,(no dialogue),"possible visual moment, needs human review"
K042,2,OPTIONAL,00:15:05:12,00:15:16:19,11.32,0.31,Premium group. Built with heart. He's setting up.,'Premium group. Built with heart.' - the clean last take of the tagline piece; earlier takes cut.
X022,2,CUT,00:15:16:19,00:15:18:21,2.08,0.0,(no dialogue),Short connective crosstalk between kept beats - nothing said that the next beat does not carry.
K043,2,OPTIONAL,00:15:18:21,00:15:29:16,10.8,0.57,"There you go. Right down the middle. Oh. Bit to the right. That's all right. Yes, sir. Yes, sir.",First tee shot called live - 'Right down the middle. Bit to the right. That's all right.'
X023,2,CUT,00:15:29:16,00:15:33:08,3.69,0.13,We got to.,Short connective crosstalk between kept beats - nothing said that the next beat does not carry.
G004,2,OPTIONAL,00:15:33:08,00:15:41:20,8.49,0.0,(no dialogue),"possible visual moment, needs human review"
G005,2,OPTIONAL,00:15:42:07,00:15:56:03,13.83,0.0,(no dialogue),"possible visual moment, needs human review"
K044,2,SHOULD,00:15:56:03,00:16:14:21,18.76,0.7,"Yeah, I think the news is the one they're gonna use. Yeah. Yeah. You got a shot in there if you need it, but you're in the fairway, so have fun. There's no way I would hit a ball like that. Oh, yeah?…","'There's no way I would hit a ball like that... There's just no way, I suck at it.' Sets up the celebrity shot payoff in act 3."
X024,2,CUT,00:16:14:21,00:16:39:12,24.66,0.62,"Yeah. Glen Arbor golf club. Okay, let's get one before they start. Like hitting it right here. Yeah. Glen Arbor golf Club. Glen Arbor golf club. All right. Today we're at Glen Arbor Golf Club for Pre…","First flubbed take of the piece to camera, immediately redone."
K045,2,OPTIONAL,00:16:39:12,00:16:56:21,17.4,0.72,You mean to say anything else? I think you kind of messed it up. Okay. All right. I'm sorry. Okay. All right. Today we're at Glen Arbor Golf Club for Premium Group's first ever annual golf tournament…,"'I think you kind of messed it up' then the clean take of the piece to camera. Fun, but the same info is in the speech."
X025,2,CUT,00:16:56:21,00:17:21:21,25.0,0.77,"Beautiful. Can you explain? Kind of like the dynamic of, the the tournament? Yeah, sure. So today we got teams of four with premium groups, own personnel, own employees. This, like a an appreciation…","Filler between kept beats: acknowledgements, half-sentences and logistics already visible on screen."
K046,2,OPTIONAL,00:17:21:21,00:17:33:08,11.48,0.91,"Okay. So this is an appreciation event for our suppliers, our clients and other companies that we work with just to have some fun and to. Yeah, enjoy the golf, I guess.","Clean one-line statement of the premise: an appreciation event for suppliers, clients and partners."
X026,2,CUT,00:17:33:08,00:18:04:05,30.92,0.75,"I don't know. We have some prices. No. Yeah. Yeah, sure. Sure. Yeah. Yeah. Okay. How do we get the tickets? They got a few a few games and stuff. Few challenges that will highlight later. Yeah. So st…",Re-negotiating on camera how to phrase the raffle explanation - the answer that follows is the one to keep.
K047,2,OPTIONAL,00:18:04:05,00:18:15:14,11.36,0.96,"Yeah, yeah. Okay, so we got a few challenges set up for everyone at the golf tournament. Few games and each game can give you some raffle tickets. And at the end, we'll have some prizes for everyone.",Challenges and raffle tickets restated. Third time this point is made - keep only if the earlier two are cut.
X027,2,CUT,00:18:15:14,00:18:49:02,33.55,0.55,"Beautiful. Yeah. To put things. You guys will record it. Okay, so we're here with Elizabeth. Are you filming? Are you ready? If you want me to. To do something. Okay, we're gonna do a. He needs to sp…",Spanish-language interview bit. Not in English.
K060,3,OPTIONAL,00:18:49:02,00:19:03:00,13.92,0.62,"How do you say I play golf in Spanish? Yo! Yo, Hugo. Hugo. Fuego! Fuego is fire. Hugo. Hugo. Golf.","'How do you say I play golf in Spanish?' - funny, but most of the exchange is not in English."
X028,3,CUT,00:19:03:00,00:19:39:14,36.64,0.64,"So it's like a gun. I like to win the money to. So why don't we go? That's all I know I need, I know no. Oh, did we want to get an interview with these guys? No, we need to rush. Okay, okay. Well, I…",Continuation of the Spanish bit. Not in English.
K061,3,SHOULD,00:19:39:14,00:20:03:02,23.52,0.86,"Look forward. Don't throw us into a lake. Elizabeth, please. Why not? You don't know how to swim. Well, yeah. I don't want to ruin this nice new quarter. ZIP from premium. Yeah. No, no, I stained min…","'Don't throw us into a lake, Elizabeth' plus the stained-shirt story landing on 'Premium. We care about each other.'"
X029,3,CUT,00:20:03:02,00:20:05:02,2.0,0.46,All the time.,Short connective crosstalk between kept beats - nothing said that the next beat does not carry.
K062,3,SHOULD,00:20:05:02,00:20:26:00,20.92,0.87,So we're gonna go ask some questions to the players. We're going to ask them first off who's winning. Which makes no sense because they're a team. And we ask them who's the best player on their team.…,"The plan for the day, stated on camera: ask who's winning, who's the best player, what their connection to Premium is."
X030,3,CUT,00:20:26:00,00:20:28:01,2.04,0.37,All right.,Short connective crosstalk between kept beats - nothing said that the next beat does not carry.
K063,3,OPTIONAL,00:20:28:01,00:20:35:03,7.12,0.74,"I think we should have air horns. And when they're doing their driving, they would get so mad. Do you think. Oh yeah.",'I think we should have air horns' - one-line gag.
X031,3,CUT,00:20:35:03,00:21:04:13,29.44,0.49,"Yeah. That's Remi Young last group. That's the last group. Yeah. So we're gonna make sure that we're in front of these guys. Hey. Who's winning? Who's winning them? Oh, yeah. Oh, a bit far. Oh, that'…","Filler between kept beats: acknowledgements, half-sentences and logistics already visible on screen."
K064,3,OPTIONAL,00:21:04:13,00:21:10:15,6.08,0.85,"In Wii Sports, they would say nice shot. I remember that, I think. Nice shot.","'In Wii Sports, they would say nice shot.'"
X032,3,CUT,00:21:10:15,00:21:20:07,9.68,0.24,"I think so, yeah. Let's see. Where do you like.","Filler between kept beats: acknowledgements, half-sentences and logistics already visible on screen."
K065,3,MUST,00:21:20:07,00:21:53:05,32.96,0.73,So this is my first time driving. I haven't drive before. A golf cart or in general. Are you serious? This is my first time. What about a car? I know I started one month ago. How do you get at the of…,"The reveal that powers the running gag: Elizabeth has never driven anything before, started learning a month ago, and is driving the cart. 'I wasn't scared before, but I am now.'"
X033,3,CUT,00:21:53:05,00:22:04:23,11.76,0.65,"So do you want to stay here, or do you want me to go to the next one? We can ask some questions to this, gentleman.","Filler between kept beats: acknowledgements, half-sentences and logistics already visible on screen."
G006,3,OPTIONAL,00:22:04:23,00:22:17:12,12.52,0.0,(no dialogue),"possible visual moment, needs human review"
X034,3,CUT,00:22:17:12,00:22:43:00,25.56,0.52,"Want to see somebody I put on the first? Oh, Remy, is that you? Are you that somebody? Oh, yeah. I go to the next one. Okay, okay. Have you done a lot of things to that? Have you done a lot of things…","Filler between kept beats: acknowledgements, half-sentences and logistics already visible on screen."
K066,3,SHOULD,00:22:43:00,00:22:49:20,6.84,0.81,"A little bit of you. Oh, I think I dropped my my mic. Shit. He's gonna kill me.",'I think I dropped my mic. Shit. He's gonna kill me.' - genuine panic.
X035,3,CUT,00:22:49:20,00:23:45:07,55.51,0.6,"Well, you were not what? You were not. No, I am, it's just fell on the ground. Oh. So close. You know how to play. I know how I'm just not good. My soul is texting me. What does she want? Oh, she jus…","Raffle-ticket logistics over the phone - who has the tickets, which hole. Pure admin."
G007,3,OPTIONAL,00:23:45:07,00:23:58:20,13.53,0.0,(no dialogue),"possible visual moment, needs human review"
X036,3,CUT,00:23:58:20,00:24:00:10,1.6,0.99,Bang! What was that?,"Raffle-ticket logistics over the phone - who has the tickets, which hole. Pure admin."
G008,3,OPTIONAL,00:24:00:10,00:24:18:02,17.68,0.0,(no dialogue),"possible visual moment, needs human review"
K067,3,MUST,00:24:18:02,00:24:24:14,6.52,0.68,You have that on camera? I hope so. That's the first video we are gonna post.,'You have that on camera? That's the first video we are gonna post. Remi messing up.' Pure vlog.
X037,3,CUT,00:24:24:14,00:24:26:12,1.92,0.6,Remi messing up.,Short connective crosstalk between kept beats - nothing said that the next beat does not carry.
G009,3,OPTIONAL,00:24:26:12,00:24:42:14,16.08,0.0,(no dialogue),"possible visual moment, needs human review"
K068,3,MUST,00:24:42:14,00:25:01:23,19.4,0.66,"Especially with five players on our team. So, Remi, who's the best player on this team right now? So far, it's the trees. Trees have been the best. Oh, that was close. You just missed that. That was…","'Who's the best player on this team?' / 'So far, it's the trees.' plus 'We're looking for bad shots, not good shots' - the editorial premise, said out loud."
X038,3,CUT,00:25:01:23,00:25:07:09,5.44,0.46,"You guys having fun? Hang around me all day. Oh, yeah?",Short connective crosstalk between kept beats - nothing said that the next beat does not carry.
K069,3,OPTIONAL,00:25:07:09,00:25:19:20,12.44,0.72,"Yeah. Good thing they didn't ask me to play cause I've never played. All right, Elizabeth, try not to hit anybody. Should hit a couple. Oh. Maybe later. Maybe later.","'Good thing they didn't ask me to play cause I've never played' / 'Elizabeth, try not to hit anybody.'"
X039,3,CUT,00:25:19:20,00:25:27:21,8.08,0.48,"John said he'd let me hit a ball or two. Oh, that's nice game.","Filler between kept beats: acknowledgements, half-sentences and logistics already visible on screen."
K070,3,MUST,00:25:27:21,00:25:42:08,14.44,0.52,Yeah. What are you doing? Careful. Brakes! What? I thought you. I don't know how to drive. This is one of the premium tents.,Golf cart gag escalates: 'Careful. Brakes! What? I don't know how to drive.'
X040,3,CUT,00:25:42:08,00:26:20:19,38.51,0.5,"I think so, yeah, yeah. Let's stop by and say hi. Who's that? That tent is this whole number two. Three. Well, they are blocking me. Oh, no. This is 808. Okay. Okay. You can go to the side here besid…","Long stretch that does not move the story forward - repeated material, transit chatter or logistics."
K071,3,OPTIONAL,00:26:20:19,00:26:38:03,17.34,0.71,We're up by one. I don't know. Maybe I want to give the job. We think that you will fire you because you hit Remy. I don't think so. I think it'll be fine. I think. About on camera. Please know I was…,"'They'll fire you because you hit Remy' / 'I was fighting for my life, I was scared.'"
X041,3,CUT,00:26:38:03,00:27:02:13,24.44,0.48,"Oh, my, I wasn't scared. Well it was to. Now. Inclined. Inclined. Inclined in. Espanol. Muito bomb. No, that's a that's in Portuguese. Mucho mucho bueno. Muy bueno. Mucho bueno.","Filler between kept beats: acknowledgements, half-sentences and logistics already visible on screen."
K072,3,OPTIONAL,00:27:02:13,00:27:12:15,10.12,0.75,"No, I don't think so. Mucho is like many. Yeah. Yeah. Many. Good. That's what I mean. My Spanish is many good. That's what I'm trying to say.",'Mucho is like many. My Spanish is many good.' - the joke is in English even though the subject isn't.
X042,3,CUT,00:27:12:15,00:27:14:09,1.76,0.39,Okay.,Short connective crosstalk between kept beats - nothing said that the next beat does not carry.
K073,3,OPTIONAL,00:27:14:09,00:27:22:00,7.6,0.67,Oh shit. We could get hit by a ball like that would be hilarious. If you listen the camera.,"'We could get hit by a ball, that would be hilarious.'"
X043,3,CUT,00:27:22:00,00:27:33:21,11.9,0.56,"Yes. You have the map a little bit. Yeah. That's a. It is a bit. We arrive in someone's house. Hey, sir. Stay on the path. There's a bit.","Filler between kept beats: acknowledgements, half-sentences and logistics already visible on screen."
K074,3,MUST,00:27:33:21,00:28:07:00,33.16,0.61,"Oh my goodness. This. This is a really nice golf course. This is gonna be crazy. Okay. There's a break, by the way. Yeah, I know. I'm just gonna open. My gosh. Forge. Get ready to jump out. Elizabeth…",Peak of the cart gag and the best reaction in the video: 'This is a really nice golf course' straight into 'Press the brake! Keep your foot on the brake!' and 'Trust her. You're gonna survive. Just breathe.'
X044,3,CUT,00:28:07:00,00:28:16:07,9.32,0.4,"Hello? How are you doing? How are you? Are you guys. Good, good. You guys?","Filler between kept beats: acknowledgements, half-sentences and logistics already visible on screen."
K075,3,OPTIONAL,00:28:16:07,00:28:38:16,22.36,0.85,"Yeah. You guys went to a tournament? Yes, yes. How's it going? Who's the best on the team so far is a team. Yeah, a little mix. Okay. Like pretty balanced. Yeah. All right. Awesome. And what company…","Lindsay Construction team chat - polite, generic, no story movement."
X045,3,CUT,00:28:38:16,00:29:21:01,42.44,0.8,"There you go. Cool. Yeah. Yeah, yeah. Okay. We were all over land in Canada, but our head office is Dartmouth. Yeah. Oh, yeah, cause I've seen an office in Moncton. Yes. Yeah, yeah, we have a mountai…","Long stretch that does not move the story forward - repeated material, transit chatter or logistics."
K076,3,MUST,00:29:21:01,00:29:41:17,20.68,0.87,"She's hr. Yeah, yeah. Well she's. Yeah. You're too much. You're you're shooting the meeting. She does everything. She does everything. She's in every meeting. Yeah. Yeah. Without her premium would no…","Pays the gag off perfectly: 'She does everything. Without her Premium would not work... yeah, but don't trust her behind the wheel of a golf cart.'"
K077,3,MUST,00:29:42:18,00:29:54:12,11.76,0.68,Yeah. You guys want a celeb shot? Oh. What? What's that? Swing cross. Oh. No way. Really? I've never played golf in my life.,'You guys want a celeb shot?' / 'I've never played golf in my life.' - the decision that drives the next four minutes.
X046,3,CUT,00:29:54:12,00:30:10:03,15.64,0.65,"Do you think it's being left or right? Right. For sure. Yeah. Yeah. Well, like I fit. I fit golf the golf balls, like, at our range. But I've never really been good. I've never been good, ever. These…","Filler between kept beats: acknowledgements, half-sentences and logistics already visible on screen."
K078,3,OPTIONAL,00:30:10:03,00:30:29:06,19.16,0.78,"Okay. All right. So you can do it. Really? Okay. Oh my goodness. I'm so stressed now. No no no. Okay okay. Should I take them off? Probably no. My gosh. Make that shot. All right, all right. Yes. Tha…",Build-up nerves before the swing - 'I'm so stressed now' / 'I only play mini.'
X047,3,CUT,00:30:29:06,00:31:01:02,31.84,0.68,Of course. Okay. Thank you. Yeah. I'm the judo coach for the. At the 12th hole. There's the judo tent. I'm their coach. And then he hired me with premium as well. So I'm more of a judo guy than a gol…,"Long stretch that does not move the story forward - repeated material, transit chatter or logistics."
K079,3,OPTIONAL,00:31:01:02,00:31:09:01,8.0,0.67,"Hey, where? You're not posting this, Directly to Facebook. Unedited. No no no no no no.","'You're not posting this directly to Facebook, unedited?'"
X048,3,CUT,00:31:09:01,00:31:12:05,3.16,0.41,I'm gonna take these off.,Short connective crosstalk between kept beats - nothing said that the next beat does not carry.
K080,3,SHOULD,00:31:12:05,00:31:29:04,16.96,0.7,"Okay. All right. You're all looking at me. It's just stressing me out. I'm going to stretch first. One second. Oh. Yes, of course I am. Yeah. I'm also like very not flexible. So we will see.","'You're all looking at me, it's just stressing me out. I'm going to stretch first... I'm also like very not flexible.'"
X049,3,CUT,00:31:29:04,00:31:36:19,7.64,0.31,I hear like you don't. You should not put.,Short connective crosstalk between kept beats - nothing said that the next beat does not carry.
K081,3,MUST,00:31:36:19,00:32:04:02,27.32,0.49,"This is my first I haven't I don't do this okay. Is that good. I don't look okay. Okay okay. Ready? That was. That was really bad, Hit. But you hit it. I hit it. Yeah. All right. That was terrible. Y…",The swing itself and the honest reaction: 'That was really bad.' / 'But you hit it.' / 'That was terrible.'
K082,3,OPTIONAL,00:32:04:03,00:32:19:11,15.36,0.73,"Okay, well, thanks for giving me the opportunity, though. I hope I didn't hit anyone yet. Yeah. Every time I went to the here, the driving range, I would always hit that way. I don't know why, but we…",'I hope I didn't hit anyone' plus the driving-range explanation.
X050,3,CUT,00:32:19:11,00:32:21:08,1.88,0.91,"All right, well.",Short connective crosstalk between kept beats - nothing said that the next beat does not carry.
K083,3,MUST,00:32:21:08,00:32:31:04,9.84,0.73,"Thank you. That's what it was. That was really fun. What a rush. Wow. I'm gonna have to incorporate that now in every tournament. Just shots. Yeah, yeah, I guess so, I guess so.",The payoff line: 'That was really fun. What a rush. I'm gonna have to incorporate that in every tournament.'
X051,3,CUT,00:32:31:04,00:33:06:23,35.83,0.65,"Oh, yeah. We didn't go. So go back to get some tickets to edit. Okay, so we're gonna come back. All right. I will see you later. Yeah. Have fun. I hit that. Business you work with. And then I'll ask…","Long stretch that does not move the story forward - repeated material, transit chatter or logistics."
K084,3,OPTIONAL,00:33:06:23,00:33:36:09,29.44,0.94,Okay. So you want to state your name and your company? Yeah. I'm Pierre Pierre Karam with Cedar Mount Developments. We we've done two projects with premium so far. And the most recent one finished tw…,Cedar Mount client testimonial - the only outside voice on what working with Premium is actually like. Substantive but formal.
K085,3,OPTIONAL,00:33:37:03,00:34:05:00,27.91,0.82,"Great. And who's the best in your team today at the at the golf event? I mean, it's it's a little bit it's a little bit of everything. I don't want to take all of them. You don't have to be modest. Y…",'You don't have to be modest' / 'I think I had some of the best drives' / 'We're keeping a real score.'
X052,3,CUT,00:34:05:00,00:35:01:12,56.52,0.58,"There you go. Awesome. What was that? Do you know. Do you have an idea of what team would win today? Not really sure. Not really? Really sure. We're going to see. Maybe at dinner. Okay, good. Hey, we…",Fragmented crosstalk and an off-topic complaint about another organisation. Does not connect to the premise.
K086,3,SHOULD,00:35:01:12,00:35:26:09,24.92,0.78,Trying to sit down properly. This is really difficult for my legs. It's not. It's go for your legs. It's not made for a small lady like me. Okay. Do you see what I'm saying? Yeah. We should have got…,Elizabeth on the cart: 'It's not made for a small lady like me' / 'they gave me this one' / 'because you're the boss.'
X053,3,CUT,00:35:26:09,00:35:48:04,21.81,0.51,Because I was putting up things around the bus. I don't know where to stay. This is the biggest from the knee. Yeah. We did. When? When you teed off. We haven't seen him since. It's probably further.…,"Filler between kept beats: acknowledgements, half-sentences and logistics already visible on screen."
K087,3,SHOULD,00:35:48:04,00:36:06:15,18.48,0.82,It's not me. So do you want me to go? No no no no no. It's okay. Do as you can. Just don't crash. Please. You don't want to get in trouble. I'll give this guy his space. Should I be wearing a helmet?…,'Just don't crash. Please.' and 'Should I be wearing a helmet? A Premium group helmet?' - gag still running.
X054,3,CUT,00:36:06:15,00:36:14:13,7.92,0.47,Yeah. Those that the people. Let him. Let him shoot. Nice.,Short connective crosstalk between kept beats - nothing said that the next beat does not carry.
G010,3,OPTIONAL,00:36:14:13,00:36:27:16,13.16,0.0,(no dialogue),"possible visual moment, needs human review"
X055,3,CUT,00:36:27:16,00:36:41:11,13.79,0.45,"Oh, wait. I think they're all shooting one after the other. You can stop. Stop, stop, stop over here! Yeah. Do you want to do something fun?","Filler between kept beats: acknowledgements, half-sentences and logistics already visible on screen."
K100,4,OPTIONAL,00:36:41:11,00:37:00:04,18.72,0.73,"So yeah, I guess it's always better to stay quiet when someone is shooting, right? Because you don't want to disturb their shots and it's respectful. I guess it's golf, editing, adequate golf, adequa…","Golf etiquette explained badly - 'adequate golf, adequate etiquette'."
X056,4,CUT,00:37:00:04,00:37:06:04,6.0,0.0,(no dialogue),Short connective crosstalk between kept beats - nothing said that the next beat does not carry.
K101,4,MUST,00:37:06:04,00:37:23:17,17.56,0.76,"You forgot George was off. He was right there talking to us. Are you talking about. You forgot? I don't know how to get back. Oh my God, you guys decided to be with me? No, we didn't. We didn't have…",'You forgot George!' / 'I don't know how to get back' / 'You guys decided to be with me?' / 'We didn't have much choice.'
X057,4,CUT,00:37:23:17,00:37:50:00,26.32,0.54,"That's not to golf. Yeah, I don't know how to say that word. Yeah. Adequate etiquette. Etiquette, etiquette? No, I don't know. No, it's like I. Etiquette, etiquette, etiquette? Yeah. I think you're s…","Filler between kept beats: acknowledgements, half-sentences and logistics already visible on screen."
K102,4,OPTIONAL,00:37:50:00,00:38:08:19,18.82,0.66,"Sometimes when my brain is in English mode, I can't think of French words. Okay. My mom would would know. I usually asked my mom. She's like, come on, Malcolm, how'd you not know this? And I'm like,…","Malcolm on losing his French - 'my mom would know. She's like, come on Malcolm, how'd you not know this?' Warm, personal, but a tangent."
X058,4,CUT,00:38:08:19,00:38:31:23,23.2,0.45,"Don't worry about it, man. I think that's my job. So my job is to have a camera in my face. There's no one here. No. There's no. Band with her. Hey, Lee fields group. Lindsey in Sanford.",Crosstalk while driving between groups.
K103,4,MUST,00:38:31:23,00:38:53:07,21.36,0.93,"You guys want to do a celebrity shot? I was like, what's that? It's like, oh, you like, do the drive? And I was like, fuck, I don't play golf. And then they were like, aim left. I was like, aim. What…","Elizabeth retells her own celebrity shot to the next group - 'aim left, I hit it, went right so bad onto the other field, I was so embarrassed. And they're like, at least you hit it.' A vlog telling its own story back."
X059,4,CUT,00:38:53:07,00:39:47:14,54.32,0.56,Yeah. How is your game going. Oh could be poor. All pars really solid. Well there's. Yeah that's them on the worst chunk in the who has the best one. Yeah I don't know. It'd be really cool. We would…,"Long stretch that does not move the story forward - repeated material, transit chatter or logistics."
K104,4,SHOULD,00:39:47:14,00:40:08:18,21.2,0.8,"Could be all. Yeah. Just due to the expectation. But you don't have a GPS on your. That's right. No. No, not you know what I am. Because when I hit it in the woods you come back, right? Yeah. Oh, yea…","The caddy joke: 'When I hit it in the woods you come back, right?' / 'I don't know how much you're paying that guy.'"
X060,4,CUT,00:40:08:18,00:40:18:23,10.2,0.9,"I saw your first shot. I was going left and then just bounced. Your first, first, first shot. Oh, yeah. Yeah, yeah, that was a good shot. It came right in the middle. There you go. Yeah. Just as he d…","Filler between kept beats: acknowledgements, half-sentences and logistics already visible on screen."
K105,4,OPTIONAL,00:40:18:23,00:40:28:14,9.64,0.77,Yeah. What do you guys think of the golf course? Beautiful. Yeah. Greens are slow. Yes they are. The greens are furry. All right Joe. Yeah.,'What do you think of the course?' / 'The greens are furry.'
X061,4,CUT,00:40:28:14,00:40:48:22,20.36,0.36,"Show it off, buddy. All right, we'll move back. We'll give you your space. Massage sports. Hi. Oh, hey. There we go. Oh, wait. That. Hey. Sorry, sorry, sorry.","Filler between kept beats: acknowledgements, half-sentences and logistics already visible on screen."
G011,4,OPTIONAL,00:40:48:22,00:40:57:02,8.17,0.0,(no dialogue),"possible visual moment, needs human review"
X062,4,CUT,00:40:57:02,00:40:58:20,1.75,0.73,Okay. Hey. What's up?,Short connective crosstalk between kept beats - nothing said that the next beat does not carry.
G012,4,OPTIONAL,00:40:58:20,00:41:13:13,14.72,0.0,(no dialogue),"possible visual moment, needs human review"
K106,4,OPTIONAL,00:41:13:13,00:41:35:12,22.0,0.44,"Nice. Give it up. That's on the green. Hey. Nice shot. Burnham loop. Oh, shit. Oh, shit! Oh, shit. All right, let's.",Shot called live plus the 'oh shit' reaction chain.
X063,4,CUT,00:41:35:12,00:41:38:09,2.88,0.4,Let's pass through.,Short connective crosstalk between kept beats - nothing said that the next beat does not carry.
K107,4,MUST,00:41:38:09,00:42:09:03,30.76,0.78,"Yeah. The mascot is thirsty. Yeah. So our mascot called, and he's thirsty. So we're going to go bring him some water. And hopefully he doesn't pass out of dehydration before we get there because we'r…",The mission that structures the act: the mascot is dehydrated at hole 12 and they have to drive water to him from hole 6 - straight into 'Do I look at the front or...' / 'Look forward! Look forward!'
X064,4,CUT,00:42:09:03,00:42:38:13,29.45,0.49,"Because I know that my daughters. I know better. Oh, yeah. Okay. We're actually training jujitsu just out here locally. Okay. Yeah. Yeah. You know, I'm a I'm a chicken shit. My shoulders already. Spi…","Filler between kept beats: acknowledgements, half-sentences and logistics already visible on screen."
K108,4,OPTIONAL,00:42:38:13,00:42:49:12,10.96,0.73,"You just get thrown on the ground here. Do you want to show? Like, how do you throw them? Okay. Don't throw the panda. Throw. Zoe. Poor panda, you just get launched.","'Don't throw the panda. Poor panda, you just get launched.'"
X065,4,CUT,00:42:49:12,00:42:58:07,8.8,0.6,Is he. Is it gonna stay? I don't know. Yeah. You guys got a decent. Why don't you get a decent?,"Filler between kept beats: acknowledgements, half-sentences and logistics already visible on screen."
K109,4,SHOULD,00:42:58:07,00:43:14:10,16.16,0.66,"He wants to try. But anyway, just like that. Just like that. If you get that done, you get three tickets for the raffle and the chiropractor. Three. Yeah, I said three. Yeah, yeah, she's actually a n…","The challenge terms, first pass: get thrown, get three raffle tickets 'and the chiropractor' - and she's a national champion."
X066,4,CUT,00:43:14:10,00:43:28:19,14.37,0.31,"She is what we do. You. Boy, they don't know the technique. No, she is good. Fazio. She's the way she.","Filler between kept beats: acknowledgements, half-sentences and logistics already visible on screen."
K110,4,OPTIONAL,00:43:28:19,00:43:39:07,10.53,0.56,"Oh, oh. All right. Your turn next. Very nice. You got three tickets. Hey. Good job. I'm not going on LinkedIn.",'You got three tickets. Good job.' / 'I'm not going on LinkedIn bad for this.'
G013,4,OPTIONAL,00:43:39:23,00:43:48:17,8.76,0.0,(no dialogue),"possible visual moment, needs human review"
K111,4,OPTIONAL,00:43:48:17,00:44:03:17,15.0,0.6,"Okay, let me remove the glasses. And now you can see my my. No. The panda. You can go. The. The panda is a 14 year old kid. Come on. Three knee surgeries, five games. Lacrosse.",'The panda is a 14 year old kid... three knee surgeries.'
X067,4,CUT,00:44:03:17,00:44:31:00,27.32,0.49,"Okay. Thanks, guys. Thank you. Thank you. I know. How do you want to be? Problems? I know one technique. Which one? Oh, wow. Hey. Very good. Thank you. See you guys. Why don't you put, like, the chai…","Filler between kept beats: acknowledgements, half-sentences and logistics already visible on screen."
K112,4,OPTIONAL,00:44:31:00,00:44:44:14,13.6,0.77,Guess why? Guess what? What? So they were talking about us today. Because they're coming to this thing here and came up to the school in Dartmouth. Really? Big deal. That's awesome. That's awesome. Y…,'They were talking about us today... came up to the school in Dartmouth.'
X068,4,CUT,00:44:44:14,00:45:02:11,17.91,0.34,"Here, let's put this like. Come for real? Thumbs up for the fox. Well, it's really a golf cart that. It looks good. What's happening?","Filler between kept beats: acknowledgements, half-sentences and logistics already visible on screen."
K113,4,MUST,00:45:02:11,00:45:21:18,19.32,0.84,"Oh, yeah. So we have the Toshi team has a booth at the the golf tournament. So here, if you get thrown by one of the girls, you get three tickets for the raffle. And if you get thrown by the panda, I…","The cleanest statement of the challenge - three tickets from the girls, four from the panda. This is the version to keep."
X069,4,CUT,00:45:21:18,00:45:42:01,20.28,0.8,"What do you think is good? Oh, that's great, I love it. Did you talk? Oh, I'll do it all the way. It's a. The judo club is founded by Denny, and it's also sponsored. It's sponsored by a premium. So w…","Filler between kept beats: acknowledgements, half-sentences and logistics already visible on screen."
K114,4,OPTIONAL,00:45:42:01,00:45:50:16,8.64,0.95,So the challenge is we're selling flower not selling. We're getting tickets out. But to get tickets you gotta get thrown by one of us. Go get thrown.,The athletes pitch the challenge themselves: 'to get tickets you gotta get thrown by one of us.'
X070,4,CUT,00:45:50:16,00:46:31:06,40.64,0.52,"Yeah okay, okay I am I asked the question, wasn't it for us? Tickets. The tickets? Yeah. Tickets. We got work. Yeah, we're doing all the work. You just gotta evolve. I'm gonna pass. Do you want to sh…","Long stretch that does not move the story forward - repeated material, transit chatter or logistics."
X071,4,CUT,00:47:02:11,00:47:07:18,5.3,0.25,Good job. Okay.,French-language interview and repeated throw cycles with no new dialogue beat. Not in English / already covered.
G014,4,OPTIONAL,00:47:07:18,00:47:17:20,10.09,0.0,(no dialogue),"possible visual moment, needs human review"
X072,4,CUT,00:47:17:20,00:48:54:15,96.87,0.49,That. Okay. Acquisition. Premium. Simply. Subtitle. Montée. Tout d'affaires. Strategy. It's not marshy on no d'avoir loan. Marriage. On. Project. On Project Quebec. Plus plus. There you go. Do you wa…,French-language interview and repeated throw cycles with no new dialogue beat. Not in English / already covered.
G015,4,OPTIONAL,00:48:54:15,00:49:03:04,8.55,0.0,(no dialogue),"possible visual moment, needs human review"
G016,4,OPTIONAL,00:49:03:13,00:49:12:10,8.88,0.0,(no dialogue),"possible visual moment, needs human review"
X073,4,CUT,00:49:12:10,00:49:25:02,12.67,0.29,Atlantic. Fake Marcia Grossi. Cocaine explosion. Good.,French-language interview and repeated throw cycles with no new dialogue beat. Not in English / already covered.
K115,4,MUST,00:49:25:02,00:50:00:01,35.0,0.71,"A challenge for you guys. Oh, boy. What's the challenge? All right. The. You guys take over. You guys get thrown by one of us for for. Use my language. But fuck that. You want to demonstrate a golf t…","The reluctance comedy: 'What's the challenge?' / 'Absolutely not.' / 'Guys, every other team did at least one.' / 'It's a soft fall.'"
X074,4,CUT,00:50:00:01,00:50:03:23,3.92,0.45,Here. She'll show you. She'll show you.,Short connective crosstalk between kept beats - nothing said that the next beat does not carry.
K116,4,SHOULD,00:50:03:23,00:50:10:00,6.04,0.65,That's what's going to happen. You're gonna get. You're gonna get thrown on your back.,'You're gonna get thrown on your back. Can't see anything.'
X075,4,CUT,00:50:10:00,00:50:20:08,10.36,0.28,Can't see anything. Oh. Oh!,"Filler between kept beats: acknowledgements, half-sentences and logistics already visible on screen."
G017,4,OPTIONAL,00:50:20:08,00:50:31:02,10.76,0.0,(no dialogue),"possible visual moment, needs human review"
K117,4,SHOULD,00:50:31:02,00:50:49:13,18.48,0.59,"Here. Come on. Let one other girls do it. Let one of the girls do it. Oh! It's fucking. It's blocking. You can't move. You can't see anything. Oh, there you go. Very nice. Good job.",The throw and the aftermath - 'You can't move. You can't see anything. Very nice. Good job.'
X076,4,CUT,00:50:49:13,00:50:54:17,5.16,0.0,(no dialogue),Short connective crosstalk between kept beats - nothing said that the next beat does not carry.
K118,4,OPTIONAL,00:50:54:17,00:51:02:05,7.52,0.95,The last thing said. Said there's a real tall guy. I don't know which one that we're talking about. There's a real tall guy. Throw him hard. Throw him hard.,'There's a real tall guy. Throw him hard.'
X077,4,CUT,00:51:02:05,00:51:57:15,55.45,0.34,"Oh, sorry. On the green. Yeah. So how's your. How's your game going so far? Not bad. Yeah. Who's the best? Best player? This. Oh, yeah. And it was the worst swing. You tell us. All right. We'll judge…",More throw cycles with thin dialogue - the same beat as 49:28 and 52:30.
G018,4,OPTIONAL,00:51:57:15,00:52:17:01,19.45,0.0,(no dialogue),"possible visual moment, needs human review"
X078,4,CUT,00:52:17:01,00:52:18:21,1.84,0.87,Oh. Nice one.,More throw cycles with thin dialogue - the same beat as 49:28 and 52:30.
G019,4,OPTIONAL,00:52:18:21,00:52:27:03,8.24,0.0,(no dialogue),"possible visual moment, needs human review"
K119,4,MUST,00:52:27:03,00:52:51:00,23.92,0.59,"Just like that. I just my kid needs his burst. When my kid was five doing judo, but. Oh, yeah. Come on, Danny. I weighed more than the two of those girls together. Oh, yeah, I'm all right. I'm callin…",'I weighed more than the two of those girls together'... then 'I'm calling in sick tomorrow. This is the worst challenge. Do it again.' Best single line in the act.
X079,4,CUT,00:52:51:00,00:52:56:06,5.24,0.12,Can we get.,Short connective crosstalk between kept beats - nothing said that the next beat does not carry.
K120,4,MUST,00:52:56:06,00:53:21:12,25.28,0.47,"I'm used to being the guy that everyone throws darts at. At. Champions used to play hockey, get beat up for it. He just got done saying that was nothing. He said that. She wasn't. She wasn't filming.…","The thing going wrong, live: he gets thrown, and 'She wasn't filming. Help me out, motherfucker. I gotta be honest, that wasn't video.'"
X080,4,CUT,00:53:21:12,00:53:28:18,7.24,0.0,(no dialogue),Short connective crosstalk between kept beats - nothing said that the next beat does not carry.
K121,4,OPTIONAL,00:53:28:18,00:53:33:14,4.84,0.49,Give him tickets. Give him more tickets. Okay.,'Give him tickets. Give him more tickets.'
X081,4,CUT,00:53:33:14,00:53:48:10,14.86,0.44,"Yep. Thanks a lot. You know, tractor around. Oh. Akuma taking a shit. Don't say like shit. Hey, how are you guys doing?","Filler between kept beats: acknowledgements, half-sentences and logistics already visible on screen."
K122,4,OPTIONAL,00:53:48:10,00:53:53:14,5.16,0.86,"Welcome, welcome. This is the best event, is it? It is the best challenge. It is?",'This is the best challenge.'
X082,4,CUT,00:53:53:14,00:54:27:13,34.0,0.52,"Yeah. This is what? Oh, geez. I came out of. Yes, I'll see you at that. I'm tapping out right there. Okay, so we're with the Toshi stand. So we're the club that then he founded? Yeah. So founded and…","Long stretch that does not move the story forward - repeated material, transit chatter or logistics."
K123,4,SHOULD,00:54:27:13,00:54:34:14,7.04,0.9,"Yeah, but you can't sue us. You can't sue us. But you can't. You can't sue us. I figured that was it. Yeah, yeah. You can't sue us.",The running gag crystallises: 'You can't sue us. You can't sue us.'
X083,4,CUT,00:54:34:14,00:54:54:20,20.28,0.48,"Do you want to demonstrate the throw? That's it, that's it. That's all it is. Three tickets. Three tickets. All right. All good? Yeah. Oh. Yes, sir. There you go. Every team so far has done at least…","Filler between kept beats: acknowledgements, half-sentences and logistics already visible on screen."
G020,4,OPTIONAL,00:54:54:20,00:55:04:08,9.52,0.0,(no dialogue),"possible visual moment, needs human review"
K124,4,MUST,00:55:04:08,00:55:27:07,23.0,0.54,"No one's been injured yet. Yeah, yeah. You can't sue them. Can't sue us. Can't sue us. Oh, I slipped. Are you all right? Is he okay? Okay. He's our best Potter. We can't have him. Good job. There you…","'No one's been injured yet' - immediately followed by 'Oh, I slipped. Are you all right? He's our best putter, we can't have him.' Perfect comic turn."
X084,4,CUT,00:55:27:07,00:57:11:02,103.86,0.23,"What I want you to. We. Go flush. Just the water massage. Did. Hey, check. That's true. Oh, yeah. Oh my God. Nice. Can I do. What's up guys. Yeah, yeah. I feel like you guys have been. Looking forwar…",Further repeated throws. The 'no one's been injured yet' turn already did this better.
K125,4,OPTIONAL,00:57:11:02,00:57:19:14,8.51,0.88,"And you can't sue us, by the way. Yeah, I've been telling everyone that was right. There's one guy. One guy got thrown three times. Like, don't worry, I work with insurance. I'm not going to sue you…","'One guy got thrown three times. Don't worry, I work with insurance, I'm not going to sue you.'"
X085,4,CUT,00:57:19:14,00:57:41:21,22.32,0.52,"You just fall. You just fall. Oh. Oh. They're good. All right, I gotta get my camera, though. I forgot about that. No, no. All right. Yeah, it's a soft throw. It's a soft throw. Yeah. That's good, th…","Filler between kept beats: acknowledgements, half-sentences and logistics already visible on screen."
K126,4,OPTIONAL,00:57:41:21,00:57:47:16,5.8,0.85,"Yeah. You have a choice, Kumar. Kumar loves seeing people get thrown. He loves it.","'You have a choice, Kumar. Kumar loves seeing people get thrown.'"
X086,4,CUT,00:57:47:16,00:58:26:14,38.96,0.32,"You want me to take care of your glasses? No. They will. Okay. Okay. Yeah, we'll find out. Kumar. Come on. Why don't you. Oh. Oh. This. Yo, I didn't know we were like that. Yes. Who? Through asking.…","Long stretch that does not move the story forward - repeated material, transit chatter or logistics."
K127,4,MUST,00:58:26:14,00:59:00:09,33.84,0.8,"So three is heavily involved in judo? Yeah. So we're. Well. This is. I'm. Well, I founded the club. Yeah, but we're also sponsoring Judo Canada. Like the the the Olympic team. Oh, really? Yeah, yeah.…","The real information under the whole day: Premium sponsors Judo Canada, the Olympic team and an Olympic medallist. This is why the tent is here."
K128,4,OPTIONAL,00:59:01:21,00:59:28:19,26.96,0.81,"No, I've done, I've I've gone to a couple BJJ classes with buddies, but not judo. Yeah. Well JJ well it's it's similar. Yeah. It actually comes from judo. It's just. No no no no. Trust me. I mean, I…","Judo vs BJJ, landing on 'I just tell them they're just cuddling in BJJ.'"
X087,4,CUT,00:59:28:19,00:59:41:09,12.6,0.5,"Yeah, we said that to you. Get tickets or something. Yeah, yeah. You got the ticket. See all your tickets? Yeah. If it would have been for free.","Filler between kept beats: acknowledgements, half-sentences and logistics already visible on screen."
K129,4,MUST,00:59:41:09,00:59:51:12,10.12,0.32,So thank you guys. My wife throws me around better than that. Oh.,'So thank you guys. My wife throws me around better than that.' Best one-liner of the day.
X088,4,CUT,00:59:51:12,00:59:54:16,3.15,0.49,So I guess the usual guy I see.,Short connective crosstalk between kept beats - nothing said that the next beat does not carry.
G021,4,OPTIONAL,00:59:54:16,01:00:11:07,16.65,0.0,(no dialogue),"possible visual moment, needs human review"
X089,4,CUT,01:00:11:07,01:00:24:10,13.15,0.42,Oh. Premium route. Here. Take mine. Take mine. You.,"Filler between kept beats: acknowledgements, half-sentences and logistics already visible on screen."
G022,4,OPTIONAL,01:00:24:10,01:00:44:02,19.68,0.0,(no dialogue),"possible visual moment, needs human review"
K130,4,OPTIONAL,01:00:44:02,01:01:08:14,24.52,0.87,"He throws hard knowing all get her because last time he fell on top of the guy because he you can't see, she can't see anything and he can't grab properly. Let's do it. Let's do it. Yeah yeah yeah ye…","Why the mascot throw is worth four tickets - he can't see, can't grip, and lands on top of you."
X090,4,CUT,01:01:08:14,01:01:18:20,10.28,0.3,"Oh, my. Oh, my. Good job.","Filler between kept beats: acknowledgements, half-sentences and logistics already visible on screen."
K131,4,SHOULD,01:01:18:20,01:01:39:05,20.4,0.83,"You too scared, Elizabeth. Okay. Go! Run! Yeah, yeah! Go! Run! You're talking. You're. No. There was a 60 year old guy you got thrown, and then you shot right in the middle over there. It was perfect…","'You too scared, Elizabeth?' / 'Go! Run!' and 'I hear my bones cracking. I'm kidding, I'm kidding.'"
X091,4,CUT,01:01:39:05,01:02:18:17,39.52,0.46,"Come on. Get thrown for sure. Yeah. For sure. For sure. Yeah. I want to see. Cricket. Come on over. You just stand here. You'll get broken. It's the judo Toshi challenge. Oh, yeah. Yeah. It is. Yeah.…","Long stretch that does not move the story forward - repeated material, transit chatter or logistics."
K132,4,OPTIONAL,01:02:18:17,01:02:33:20,15.16,0.54,"I take my glasses off and take your glasses. Probably, yeah. Don't forget to make a deep breath. You also can't. Can't sue us. Yeah. Whoa! A very nice.",'Don't forget to take a deep breath. You also can't sue us.' then the throw.
X092,4,CUT,01:02:33:20,01:02:39:06,5.4,0.0,(no dialogue),Short connective crosstalk between kept beats - nothing said that the next beat does not carry.
K133,4,OPTIONAL,01:02:39:06,01:03:04:08,25.12,0.71,"How does it feel, Eric? Congratulations. Actually, I heard you guys are doing some pretty amazing things at the Canadian games or. Yeah. Yeah, they got a few medals here starting soon. That's awesome…","'How does it feel, Eric?' plus the athletes' credentials - national champions, Canada Games medals."
X093,4,CUT,01:03:04:08,01:03:07:06,2.92,0.0,(no dialogue),Short connective crosstalk between kept beats - nothing said that the next beat does not carry.
K134,4,MUST,01:03:07:06,01:03:33:19,26.56,0.67,Who's next? Premiums aren't allowed to participate. That's not true. That's not true. Let me call Denny right now. You need to do it because we are from Reimu. We haven't had anyone from premium. We…,The turn: 'Premium aren't allowed to participate' / 'We haven't had anyone from Premium get thrown' / 'Let's go. What am I doing?' The crew stops filming it and joins it.
X094,4,CUT,01:03:33:19,01:03:58:12,24.73,0.36,"Like your messing with here, but no, no. Under like his waist. He can't see you. Yeah, he can't see anything. He's just blind. I don't know. Oh. We're only. We're only. Oh. Oh.","Filler between kept beats: acknowledgements, half-sentences and logistics already visible on screen."
K135,4,MUST,01:03:58:12,01:04:18:09,19.92,0.66,"Oh, you lost your foot again. Oh. Was gonna fight the green foot. Yeah, he wanted to. He called out. He called him out. He called him out. He called him out. We took a picture, and then he pointed it…","Pays off 'mascot beef' from 11:16 - the Green Foot mascot called out the panda, 'and he didn't realise he was a martial artist.'"
X095,4,CUT,01:04:18:09,01:04:32:21,14.48,0.27,Okay. And still owe our time. Can't throw everything. Scared of getting thrown by the band. Okay.,"Filler between kept beats: acknowledgements, half-sentences and logistics already visible on screen."
K136,4,SHOULD,01:04:32:21,01:04:44:18,11.92,0.56,"For tickets? No tickets for the premium, guys. No. No, really? No no, no. That's too bad. That's sucks. That really sucks. No.",'No tickets for the Premium guys.' / 'That really sucks.'
X096,4,CUT,01:04:44:18,01:04:53:07,8.54,0.36,"Yeah. I honestly, I didn't think. Give it to Elizabeth. Elizabeth for the.","Filler between kept beats: acknowledgements, half-sentences and logistics already visible on screen."
K137,4,MUST,01:04:53:07,01:05:03:16,10.4,0.93,There you go. It's off. You want it in your pocket? I'm driving now. I'm driving because Elizabeth a little too crazy behind the wheel. And we're finally safe. It's finally safe. I don't know about t…,"Resolution of the cart gag: 'I'm driving now, because Elizabeth's a little too crazy behind the wheel. And we're finally safe.'"
G023,5,OPTIONAL,01:05:03:16,01:05:16:14,12.92,0.0,(no dialogue),"possible visual moment, needs human review"
K150,5,SHOULD,01:05:16:14,01:05:21:21,5.28,0.85,"I'm hungry, so I'm going to drive fast. I also don't want to get hit by these kids. They look pretty skilled.","'I'm hungry, so I'm going to drive fast.' - immediately undercuts 'we're finally safe'."
X097,5,CUT,01:05:21:21,01:05:36:11,14.6,0.31,"Panda was. Was. We wait, or should we go? Yeah. Yeah, we're gonna wait a bit.","Filler between kept beats: acknowledgements, half-sentences and logistics already visible on screen."
K151,5,OPTIONAL,01:05:36:11,01:05:50:11,14.0,0.33,"Panda was fun. Yeah, yeah, he did a good job. Yeah. All right, I'm gonna go. For this.",'Panda was fun. He did a good job.'
X098,5,CUT,01:05:50:11,01:06:03:17,13.28,0.3,"What? Yeah, I usually don't go higher than that, so we should be safe here.","Filler between kept beats: acknowledgements, half-sentences and logistics already visible on screen."
K152,5,OPTIONAL,01:06:03:17,01:06:18:19,15.08,0.64,"When I was a kid, we would drive this around with, like, five people on it. Doing the front, doing the back, one on the top. A lot of fun. At least this time we're driving, like, in the proper direct…",'When I was a kid we would drive this around with five people on it' / 'At least this time we're driving in the proper direction.'
X099,5,CUT,01:06:18:19,01:06:40:11,21.72,0.72,"I don't think I could get into goal, but I would just like to try anything. Yeah, yeah, just see if I can. I could get into it, but just like nine holes at a time. Okay. Nine holes at the thing. Yeah…","Filler between kept beats: acknowledgements, half-sentences and logistics already visible on screen."
K153,5,MUST,01:06:40:11,01:06:50:07,9.83,0.51,"That was trash. Everybody so friendly, though? I don't hear any trash talk. I would talk so much shit.",'Everybody's so friendly. I don't hear any trash talk. I would talk so much shit.'
X100,5,CUT,01:06:50:07,01:07:06:14,16.32,0.48,"Oh, he's right there. I thought he was further. We'll come back this way and just get to the house later. Yes. You know. Part. Turn it off. All right. Good to go.","Filler between kept beats: acknowledgements, half-sentences and logistics already visible on screen."
G025,5,OPTIONAL,01:07:06:14,01:07:19:22,13.32,0.0,(no dialogue),"possible visual moment, needs human review"
X101,5,CUT,01:07:19:22,01:08:04:03,44.28,0.81,Yeah. Is it on? Are you doing good? Good. We're with the social media team. Okay. So we're. We've been going around all the tents and everything and trying to get some content of the guys doing the t…,"Long stretch that does not move the story forward - repeated material, transit chatter or logistics."
K154,5,SHOULD,01:08:04:03,01:08:13:23,9.84,0.89,And what do you have going on here? This is a chipping contest. Okay. So you get to chip it in and then they get tickets for the door prizes. Okay. There you go. Awesome. Yeah.,New information the next beat needs: the chipping contest and how it pays out tickets.
X102,5,CUT,01:08:13:23,01:08:33:22,19.96,0.85,"Anything else? Yes. What's your relationship with premium? Yeah. What's your relationship with premium? So I trained the Joint Health and Safety Committee. Okay. And then Jeremiah is like, can we inv…","Filler between kept beats: acknowledgements, half-sentences and logistics already visible on screen."
K155,5,OPTIONAL,01:08:33:22,01:08:56:16,22.8,0.86,"Good. Good. And how long you've been with premium? Premium? We just made the relationship this year. Elizabeth, I trained her last year at a different job. She did the health and safety committee tra…","How Parish Safety came to be here - via Elizabeth's previous job. Nice connective tissue, not essential."
X103,5,CUT,01:08:56:16,01:09:41:06,44.6,0.88,"So there you go. Awesome. Yeah. Good. And what was your name? Jeremy. Parish. Jeremy. All right. Also, it's your. It's your business. Yeah. Okay. Nice. There you go. I deal with other companies like…","Long stretch that does not move the story forward - repeated material, transit chatter or logistics."
K156,5,SHOULD,01:09:41:06,01:09:53:09,12.16,0.74,"Chip, what can I, can I try? Because usually they don't have sticks. I'm gonna try it. Let's see my skills. Let's see my skills. No, no, no, I work for premium, so I'm not allowed. I'm already right.","'Can I try? Let's see my skills.' / 'I work for Premium, so I'm not allowed.' - the crew gets a second go at golf."
X104,5,CUT,01:09:53:09,01:10:14:20,21.48,0.65,"All right, let's try this. So chipping is not on a tee. No. And how far do I have to be right here? Just somewhere behind those two tees there. Okay. All right. And then one, two three tickets. Yep.…","Filler between kept beats: acknowledgements, half-sentences and logistics already visible on screen."
K157,5,OPTIONAL,01:10:14:20,01:10:24:22,10.08,0.63,"Oh, maybe if I'm good enough, they'll let me play next time. So I've taken the videos. I'm kidding. I don't want to hit you, man.",'Maybe if I'm good enough they'll let me play next time. I'm kidding.'
X105,5,CUT,01:10:24:22,01:10:28:21,3.96,0.28,Oh. Easy.,Short connective crosstalk between kept beats - nothing said that the next beat does not carry.
K158,5,MUST,01:10:28:21,01:10:50:04,21.32,0.54,"All right. Let's go for a little bit higher. Oh, come on, George. That was bad. That was bad. You got that? Come on. George. Too high. All right, all right. No, that was pretty bad. Come on. You got…","The chipping attempt heckled in real time: 'That was bad. Come on, George. Too high. You have to get the shot that I got.'"
X106,5,CUT,01:10:50:04,01:10:52:07,2.11,0.38,Oh. On timer.,Short connective crosstalk between kept beats - nothing said that the next beat does not carry.
G026,5,OPTIONAL,01:10:52:07,01:11:16:22,24.66,0.0,(no dialogue),"possible visual moment, needs human review"
X107,5,CUT,01:11:16:22,01:11:22:00,5.09,0.46,That was great to hear. Parents trailer last summer. Yeah.,Short connective crosstalk between kept beats - nothing said that the next beat does not carry.
K159,5,MUST,01:11:22:00,01:11:37:18,15.76,0.62,"Nope. That was bad. That was really bad. Just a little bit. Yeah. Okay. That was not not. That was also bad. Let's try again. Let's try again. I was all so bad. See, I'm not a golfer.","Lands the whole running thread of the crew being terrible at golf: 'That was bad. That was also bad. Let's try again. See, I'm not a golfer.'"
X108,5,CUT,01:11:37:18,01:11:42:09,4.62,0.44,So you just got a full house?,Dice game and an extended technical tangent on intumescent paint and spray machines. Does not move the story.
G027,5,OPTIONAL,01:11:42:09,01:11:50:14,8.25,0.0,(no dialogue),"possible visual moment, needs human review"
X109,5,CUT,01:11:50:14,01:14:21:08,150.89,0.62,"Two sixes. All three of them go. Yeah, I'd be chasing those sixes. What's three of a kind word? Three at once or nothing for three of a kind. Three at once or three at a time. You could do whatever y…",Dice game and an extended technical tangent on intumescent paint and spray machines. Does not move the story.
K160,5,MUST,01:14:21:08,01:14:54:22,33.6,0.77,"Hey, guys. Thank you everybody, for for coming today. We have to adapt sometime. Oh, I'll hold it like this. There you go. In construction, we have to have that fast sometimes, right? So today we did…",Dinner speech opens by paying off act 1's problem: 'we thought we were going to have a shotgun. And guess what? We didn't. Thanks to the team for having reacted that fast.'
X110,5,CUT,01:14:54:22,01:14:57:11,2.56,0.98,So just quick.,Short connective crosstalk between kept beats - nothing said that the next beat does not carry.
K161,5,MUST,01:14:57:11,01:15:46:08,48.92,0.83,So the tournament that we saw today started because of the FCC this week is the week. Okay FCI is for Firestore. And my good friend Jeremiah where is Jeremiah. Barney you. Oh I thought you were hidin…,"The origin story told back to the room - 'mind if I organise a game of golf with a few friends' turning into a tournament of more than eight people. Ends on 'Thank you, Jeremiah' into applause."
X111,5,CUT,01:15:46:08,01:15:52:21,6.56,0.0,(no dialogue),Applause after the thank-you to Jeremiah. Trimmed so the origin story and the 'that describes us very well' beat become two segments instead of one 88s block.
K162,5,SHOULD,01:15:52:21,01:16:24:23,32.12,0.92,"So I guess it even like describe us very well at premium. I'll tell you why. Because everything we start we kind of started to we're going to do it just, you know a little bit and it's a new division…","'That describes us very well at Premium' - the same escalation applied to the business, from one division to caulking, fireproofing and drywall across six provinces."
X112,5,CUT,01:16:24:23,01:16:32:20,7.88,0.7,So where's Victor? Victor is not here. Not yet. Like something I don't know.,Short connective crosstalk between kept beats - nothing said that the next beat does not carry.
K163,5,MUST,01:16:32:20,01:16:51:20,19.0,0.96,"Okay, so last September, we opened Ottawa division. And it's going to be a year now. And last week I can announce that we made an acquisition with Skn in Montreal. So we're now in Ottawa, Quebec and…","Genuine news, announced live: the Ottawa division's first year and last week's Montreal acquisition, buttoned with 'Thank you'. Ends into applause."
X113,5,CUT,01:16:51:20,01:16:58:05,6.4,0.0,(no dialogue),"Applause after the acquisition announcement. Good sound, but 6.4s of it is a hole - trimmed to make the cut into the judo callback."
K164,5,SHOULD,01:16:58:05,01:17:04:22,6.72,0.92,You also got to see my judo team here today. Did you who got thrown around a little bit.,Short callback to act 4 from the podium: 'You also got to see my judo team here today. Who got thrown around a little bit.' Deliberately brief between two longer blocks.
X114,5,CUT,01:17:04:22,01:17:19:02,14.16,0.28,There you go. Here you go. Thank you. Very gentle. Never hurt me that.,'There you go. Here you go. Thank you. Very gentle. Never hurt me that.' - fragmentary handover chatter with two dead pauses inside it.
K165,5,SHOULD,01:17:19:02,01:17:54:12,35.44,0.97,"So thank you guys for participating in that. Also, judo is a big, big part of who I am. And and what happened to me in the past. And we're very involved in judo throughout Canada. So we're a national…","'Judo is a big, big part of who I am, and what happened to me in the past' - the personal version of what act 4 discovered on the course, through Judo Canada, Jessica Clinch and the Otoshi club with Malcolm."
X115,5,CUT,01:17:54:12,01:18:00:13,6.05,0.89,"I'm the founder of the club, but I have that in my heart. Pretty, pretty, pretty close.","'I'm the founder of the club' is the fourth time that is said (45:31, 58:36, 1:02:13), and 'pretty, pretty, pretty close' is a stumble on the same point 'very close to my heart' makes better ten seconds later."
K166,5,MUST,01:18:00:13,01:18:26:13,26.03,0.9,"Last week, because of the Montreal acquisition, I made a partner with Judo Quebec. So we're now sponsoring Judo Quebec. Also very important for us to participate in the community helping kids and and…","The emotional core: sponsoring Judo Quebec, and why - 'helping kids, giving them a way of life and keeping them out of the streets, something very close to my heart.'"
X116,5,CUT,01:18:26:13,01:18:33:16,7.16,0.0,(no dialogue),Short connective crosstalk between kept beats - nothing said that the next beat does not carry.
K167,5,MUST,01:18:33:16,01:18:43:21,10.2,0.74,"So after this, I hope that this tournament is going to become an annual tournament. Yeah, okay.",'I hope that this tournament is going to become an annual tournament.' The forward-looking beat.
X117,5,CUT,01:18:43:21,01:19:07:20,24.0,0.86,"We have to know there's no way we came back down a little earlier. Yeah. So but the first thing I know, I went ahead of myself. I really want to tank everybody here that made it possible. Or clients,…","Filler between kept beats: acknowledgements, half-sentences and logistics already visible on screen."
K168,5,MUST,01:19:07:20,01:19:42:06,34.44,0.9,"Everybody that makes it possible. Everybody with my team, you're all very close to our heart, very important. And I can't decide myself which one is more important, my clients or my employees. Okay,…","The thesis of the whole event: 'If I have 100 clients, no employees, I can't do nothing. If I have 100 employees with no clients, I can't do nothing. So for me, they both come first.'"
X118,5,CUT,01:19:42:06,01:19:53:23,11.72,0.94,"Thank you. And really, it's really what we were pushing through. And we're doing our best every day. We're not perfect, but we're there to serve you.","Filler between kept beats: acknowledgements, half-sentences and logistics already visible on screen."
K169,5,OPTIONAL,01:19:53:23,01:20:15:01,21.08,0.93,"And we're there to serve them. The employees, they don't work for us. We work for them. We're there to support them. We're there to work as a team and make them as best as we can. Okay, so my job is…","'The employees, they don't work for us. We work for them.' Strong, but it restates the line above."
X119,5,CUT,01:20:15:01,01:20:28:15,13.6,0.77,That's what we push every day. So that's how we that's I know that's what I'm trying to do and what else I have to say. Do you have something to eat? Do anybody else wants to come here and say someth…,"Filler between kept beats: acknowledgements, half-sentences and logistics already visible on screen."
K170,5,SHOULD,01:20:28:15,01:20:46:04,17.56,0.89,"Yeah. Well thank you. And take thank you for organizing this, guys. Thank you, Jeremy and everybody else that participated in in the organization. Nice cause, nice weather and great people. So thank…","Closes the speech: 'Nice cause, nice weather and great people. Thank you very much.'"
G028,5,OPTIONAL,01:20:46:04,01:20:55:10,9.28,0.0,(no dialogue),"possible visual moment, needs human review"
X120,5,CUT,01:20:55:10,01:21:00:05,4.8,0.95,Have the prizes and announce the winners. Right. Because we're going to do that as well. I'm guessing right.,Short connective crosstalk between kept beats - nothing said that the next beat does not carry.
K171,5,OPTIONAL,01:21:00:05,01:21:09:02,8.88,0.81,"Unless it's already announced, I don't know. Everyone's a winner. Everyone's a winner. Yes. You all get a participation trophy. And I'm just kidding.",'Everyone's a winner. You all get a participation trophy. I'm just kidding.'
X121,5,CUT,01:21:09:02,01:21:17:04,8.08,0.55,"But yeah, before we we go off to that. We'd like to thank our sponsors. We'll take a second.","Filler between kept beats: acknowledgements, half-sentences and logistics already visible on screen."
K172,5,OPTIONAL,01:21:17:04,01:21:58:09,41.24,0.8,"Yeah. Okay. So. So thank you for making today possible. Without our sponsors, we wouldn't have had such a wonderful day. So thank you. To annotate manufacturing green food energy solution Kent Pro, A…","The sponsor thank-you list. Necessary for the client, but it is a list."
X122,5,CUT,01:21:58:09,01:22:02:04,3.8,0.96,So we're gonna we're going to start this. Oh it's already been fixed.,Short connective crosstalk between kept beats - nothing said that the next beat does not carry.
K173,5,OPTIONAL,01:22:02:04,01:22:18:16,16.52,0.71,"Yeah. Okay. So closest to the pin. Number two Brian hun. Sorry I wasn't sure. It's it's the handwriting. Sorry. Bad writing. Here you go. Congratulations. Congratulations. Oh, you get this too.","First prize handed out, plus 'Sorry, I wasn't sure - it's the handwriting.'"
X123,5,CUT,01:22:18:16,01:22:31:19,13.16,0.72,"Oh, don't go too far, actually. Oh, just actually, just stand here for the next four. This is the top golf player. Yeah. Okay. Okay.","Filler between kept beats: acknowledgements, half-sentences and logistics already visible on screen."
K174,5,OPTIONAL,01:22:31:19,01:22:40:23,9.16,0.87,"Next one here. Oh, sorry. Oh oh. Whoa whoa whoa. Sorry. I'm ruining your setup. Sorry. No, no, no, I'm looking at the name. Oh, okay.","'Whoa whoa whoa, sorry, I'm ruining your setup.'"
K175,5,OPTIONAL,01:22:41:00,01:22:59:15,18.64,0.91,"All right. Closest to the pin at the hole. 13. Matt. Joyce. Yes, sir. Yes, sir. Congratulations. Come claim your prize. Prizes. Here you go. Congratulations. You get this stuff too. Here you go. Ther…","Closest to the pin at 13, plus 'There's a lunch in there. I'm kidding, I don't know what's in there.'"
X124,5,CUT,01:22:59:15,01:23:16:14,17.0,0.81,"So there's actually a prize from Wilson Insurance. Just where? What do you mean? The donate at that price. Oh, yeah. Wilson donated this prize, so. Thank you. Thank you. Wilson. Okay. Longest drive a…","Filler between kept beats: acknowledgements, half-sentences and logistics already visible on screen."
G029,5,OPTIONAL,01:23:16:14,01:23:24:20,8.24,0.0,(no dialogue),"possible visual moment, needs human review"
X125,5,CUT,01:23:24:20,01:23:33:02,8.28,0.61,"All right. All right. Oh, they did a shorty today. I figured. Congratulations. Here you go.","Filler between kept beats: acknowledgements, half-sentences and logistics already visible on screen."
K176,5,OPTIONAL,01:23:33:02,01:23:46:23,13.88,0.81,"You get this as well? No, we got to take it. No, not going to take the Wilson's. I'll just go to work and. Come on. Oh, okay. Well, donated to say. Hey, you want the premium hat? At least the hat. Oh…",The winner refusing the donated prize and taking the hat instead.
X126,5,CUT,01:23:46:23,01:23:50:01,3.08,0.82,"This is the last one. Yeah, that's the last for the easiest.",Short connective crosstalk between kept beats - nothing said that the next beat does not carry.
K177,5,SHOULD,01:23:50:01,01:24:11:01,21.04,0.7,"All right. And longest drive at number hole 18. Sorry, Ryan. Hum. Again. Okay. You want a second hat? Cooler, though. He already has one. You want a second cooler? At least give it to your buddy next…",Same guy wins twice: 'You want a second hat?... You want a second cooler? At least give it to your buddy next door.'
X127,5,CUT,01:24:11:01,01:24:16:11,5.4,0.0,(no dialogue),Short connective crosstalk between kept beats - nothing said that the next beat does not carry.
K178,5,MUST,01:24:16:11,01:24:37:07,20.84,0.73,"Okay, so this is the winning team. Okay, so the winning team for today. You guys ready? Okay. So winning team. Can you guys guess so team with Tom Bishop, Mike Masal Brian Hum and Matt Joyce. Congrat…","The payoff the whole day has been asking about - the winning team announced, ending on 'Congratulations' into applause."
X128,5,CUT,01:24:37:07,01:24:41:16,4.4,0.24,Oh yeah.,"Applause after the winning team is announced, plus a stray 'Oh yeah'. Trimmed so the announcement and the score reveal are two segments."
K179,5,MUST,01:24:41:16,01:25:06:16,25.04,0.79,"Sorry with the score. Know what? Okay. With the score of 57, which is seven strokes better than the second best. I don't know what that means. Oh, that's just bragging rights. Okay. They win a prize…","'Seven strokes better than the second best.' / 'I don't know what that means.' / 'That's just bragging rights.' / 'No, you guys don't win a prize.'"
X129,5,CUT,01:25:06:16,01:25:30:00,23.33,0.47,"You guys all your tickets in hand and we'll we'll pick some numbers with the prizes. The winning team. It's a fortune. Yeah, yeah, yeah. All right. Start with this one. Yeah. Just grab whatever. Just…","Filler between kept beats: acknowledgements, half-sentences and logistics already visible on screen."
K180,5,OPTIONAL,01:25:30:00,01:25:49:09,19.4,0.71,"Okay. All right. So this first prize is from bird stairs. Yeah. What's in this? Got a cooler bag? You got a leaf blower, a cooler bag battery and a battery. There you go. All right. So I'll pick a ti…","The raffle begins - what's in the first prize, 'I'll pick a ticket, I won't look, I promise.'"
X130,5,CUT,01:25:49:09,01:25:56:08,6.96,0.67,So number. I just say the last three. Yeah. Is that good? Start there and keep going back if we have.,Short connective crosstalk between kept beats - nothing said that the next beat does not carry.
K181,5,OPTIONAL,01:25:56:08,01:26:10:13,14.24,0.61,"All right. Number six. Six. One. Come claim your prize. Six. Six. One. Hey, we got a winner. All right. Congratulations.",First raffle number drawn and claimed.
X131,5,CUT,01:26:10:13,01:29:33:11,203.09,0.62,"Okay. All right. Lose, bro blower. That's awesome. Yeah. Thanks, bird. Yeah. Thank you. Thank you. Bird. Stairs. All right. Next. This man is this. This and this. Okay. All right. Next. We got a priz…",Long stretch of raffle numbers being read out and claimed. Repetitive - keeping only the reactions that land.
K182,5,SHOULD,01:29:33:11,01:29:54:01,20.6,0.61,Okay. All right. Winner 300. 300 300. Oh. This year. Congratulations. That was coming. Awesome. Hey. Good job you got a TV?,"Big prize reaction: 'That was coming.' / 'Good job, you got a TV?'"
X132,5,CUT,01:29:54:01,01:30:29:04,35.19,0.44,All right. Is this from I knew this one a little barbecue? Yeah. From Kent. Wise. Cantu. Kent. Buildings wise. I'm going into corners because. Dude. Okay. And the lucky winner is number six. Nine for…,"Long stretch that does not move the story forward - repeated material, transit chatter or logistics."
K183,5,MUST,01:30:29:04,01:30:39:01,9.88,0.42,Who got that? Welcome. No way! You rats! Are you. I gotta take it.,The most genuine reaction of the night: 'No way! You rats!'
X133,5,CUT,01:30:39:01,01:32:03:13,84.56,0.55,"Yeah. Okay. Like that guy. Congratulations. Thank you. Okay. Next one. Yeah. So the only thing about this was donated by obviously healthy. Yeah, but we're waiting on one more case. One more case. On…",More raffle number reading.
K184,5,OPTIONAL,01:32:03:13,01:32:14:21,11.36,0.57,"Dave, you can't win by that debut. Come on. I can't count that. They're not mine. No. Sorry. You were so heavily invested. We were born.","'Dave, you can't win by that... they're not mine.' / 'You were so heavily invested.'"
X134,5,CUT,01:32:14:21,01:32:49:10,34.56,0.49,"All right. I thought it was his ticket. Scrambling. Trying to. Okay, we'll draw again. So, number 118 for the cooler in the hat. 118. Sorry. Oh. Is this it? Is that. Is this it? Or is that another on…","Long stretch that does not move the story forward - repeated material, transit chatter or logistics."
K185,5,SHOULD,01:32:49:10,01:32:54:22,5.52,0.86,"Seven. I think no one wants this cooler man. The cooler, not the lunchbox. Three, three.","'I think no one wants this cooler, man.'"
X135,5,CUT,01:32:54:22,01:33:08:16,13.76,0.4,"Seven stairwells. You know, he found it. He was like, you're not gonna wrap it again? No. Oh. This guy.","Filler between kept beats: acknowledgements, half-sentences and logistics already visible on screen."
K186,5,SHOULD,01:33:08:16,01:33:16:14,7.92,0.72,"There you go. You didn't want it. Now you have it, I don't need another one, but I'll give it to someone. Just give it to someone. Yeah.",Payoff of the cooler gag: 'You didn't want it. Now you have it.' / 'I'll give it to someone.'
X136,5,CUT,01:33:16:14,01:33:45:14,29.04,0.63,"I'm not gonna keep it wrong. Tickets for the same thing. Yeah, yeah. All right. This guy here. This guy? Who's this? Tech and tech and no tech. All right. From no tech. Next price from no tech. Guys…","More raffle number reading, up to the grand prize."
K187,5,OPTIONAL,01:33:45:14,01:33:50:10,4.84,0.82,You gotta draw four times for a lunch box. One. Two. Two. When it comes to tools.,'You gotta draw four times for a lunch box.'
X137,5,CUT,01:33:50:10,01:34:27:17,37.32,0.7,"Yeah. Here you go, guys. I want to leave it there for now. Yeah. Yeah. Sure, sure. I'll put it back on the table. Yeah, yeah, yeah. All right. All right. Next from Hilti. And there's missing one. Rig…","More raffle number reading, up to the grand prize."
G030,5,OPTIONAL,01:34:27:17,01:34:36:14,8.88,0.0,(no dialogue),"possible visual moment, needs human review"
X138,5,CUT,01:34:36:14,01:35:01:09,24.81,0.42,"Dave, you have anyone else's tickets to. Nobody? Okay, we'll draw again. Six. Seven. Three. Six. Seven. Three. Oh, right. Over here. Hey. Congratulations. Thank you. You're gonna.","More raffle number reading, up to the grand prize."
K188,5,MUST,01:35:01:09,01:35:30:17,29.36,0.85,"So first off, I want to thank premium MD for hosting this gentleman. That is chairman. Really appreciate you bringing you bring together. I was an amazing day for the weather and just sitting on the…","The grand prize - a heat pump from Green Foot, introduced by the sponsor who was interviewed back in act 2."
X139,5,CUT,01:35:30:17,01:35:42:06,11.56,0.24,Check his pockets. Are you wisely. We're going to have a lot.,"Filler between kept beats: acknowledgements, half-sentences and logistics already visible on screen."
K189,5,OPTIONAL,01:35:42:06,01:35:49:19,7.56,0.85,Last three numbers 54321543.,The grand prize number read out.
X140,5,CUT,01:35:49:19,01:36:06:23,17.2,0.3,They're going to raise your 32.11 on the Hummer.,"Filler between kept beats: acknowledgements, half-sentences and logistics already visible on screen."
K190,5,MUST,01:36:06:23,01:36:12:11,5.51,0.38,Everyone's gonna hate this guy. No.,'Everyone's gonna hate this guy.' The button on the raffle.
G031,5,OPTIONAL,01:36:12:11,01:36:20:12,8.05,0.0,(no dialogue),"possible visual moment, needs human review"
K191,5,SHOULD,01:36:20:12,01:36:35:13,15.04,0.32,"You're tired. I gotta go. My team. Yeah. No doubt man. Yeah. Yeah, right up in that house. There's nothing.",The reflection at the end: 'You're tired.' / 'I gotta go. My team.' Quiet close on a long day.
X141,5,CUT,01:36:35:13,01:36:37:12,1.96,0.0,(no dialogue),Short connective crosstalk between kept beats - nothing said that the next beat does not carry.
